{
  "project_info": {
    "project_number": "1033611546002",
    "project_id": "wildrunning-ad51d",
    "storage_bucket": "wildrunning-ad51d.appspot.com"
  },
  "client": [
    {
      "client_info": {
        "mobilesdk_app_id": "1:1033611546002:android:552f95bf033e8b15c8854b",
        "android_client_info": {
          "package_name": "com.example.myapplication"
        }
      },
      "oauth_client": [
        {
          "client_id": "1033611546002-d8n0cfg0fdpg3v87p27hh6394u7pqt9q.apps.googleusercontent.com",
          "client_type": 3
        }
      ],
      "api_key": [
        {
          "current_key": "AIzaSyCOdOWcUaC_IVH5VXZJSQnduqcJj-z2JU4"
        }
      ],
      "services": {
        "appinvite_service": {
          "other_platform_oauth_client": [
            {
              "client_id": "1033611546002-d8n0cfg0fdpg3v87p27hh6394u7pqt9q.apps.googleusercontent.com",
              "client_type": 3
            }
          ]
        }
      }
    },
    {
      "client_info": {
        "mobilesdk_app_id": "1:1033611546002:android:00d0fca73ceca884c8854b",
        "android_client_info": {
          "package_name": "com.example.wildrunning"
        }
      },
      "oauth_client": [
        {
          "client_id": "1033611546002-d8n0cfg0fdpg3v87p27hh6394u7pqt9q.apps.googleusercontent.com",
          "client_type": 3
        }
      ],
      "api_key": [
        {
          "current_key": "AIzaSyCOdOWcUaC_IVH5VXZJSQnduqcJj-z2JU4"
        }
      ],
      "services": {
        "appinvite_service": {
          "other_platform_oauth_client": [
            {
              "client_id": "1033611546002-d8n0cfg0fdpg3v87p27hh6394u7pqt9q.apps.googleusercontent.com",
              "client_type": 3
            }
          ]
        }
      }
    },
    {
      "client_info": {
        "mobilesdk_app_id": "1:1033611546002:android:90cc81b0e9db793cc8854b",
        "android_client_info": {
          "package_name": "mx.ipn.cic.geo.firebase_recycler_view"
        }
      },
      "oauth_client": [
        {
          "client_id": "1033611546002-d8n0cfg0fdpg3v87p27hh6394u7pqt9q.apps.googleusercontent.com",
          "client_type": 3
        }
      ],
      "api_key": [
        {
          "current_key": "AIzaSyCOdOWcUaC_IVH5VXZJSQnduqcJj-z2JU4"
        }
      ],
      "services": {
        "appinvite_service": {
          "other_platform_oauth_client": [
            {
              "client_id": "1033611546002-d8n0cfg0fdpg3v87p27hh6394u7pqt9q.apps.googleusercontent.com",
              "client_type": 3
            }
          ]
        }
      }
    }
  ],
  "configuration_version": "1"
}